order_month,region,sales_channel,revenue,gross_profit,gross_margin_pct,units_sold,total_orders,average_order_value,returned_orders,return_amount,return_rate_pct,discount_amount,discount_rate_pct,revenue_target,profit_target,revenue_target_achievement_pct,profit_target_achievement_pct
2025-07-01,East,Mobile App,39418.50000000001,19324.16999999999,0.4902309829141136,167,104,379.0240384615385,8,2429.9900000000002,0.07692307692307693,2170.2800000000007,0.05218426700663014,243656.36,74694.9,0.16177907278923484,0.25870802424261885
2025-08-01,Central,Website,32978.13,15607.020000000002,0.4732536380928817,161,103,320.1760194174757,4,1469.37,0.038834951456310676,2851.71,0.07959036378616258,280700.06,78586.74,0.11748529729562579,0.19859609903655503
2025-03-01,East,Physical Store,56630.13999999999,25868.11,0.45679050060621434,232,134,422.6129850746268,13,4444.49,0.09701492537313433,5561.040000000001,0.08941846737752848,256028.95,73083.91,0.22118647129553118,0.35395082173353887
2025-03-01,South,Website,38464.99999999999,17958.7,0.46688418042376195,165,106,362.877358490566,11,3518.0200000000004,0.10377358490566038,2395.2700000000004,0.05862100274912525,260261.58,72247.08,0.14779361594592638,0.24857336794788107
2025-07-01,South,Marketplace,44778.39999999999,20538.400000000005,0.45866757186500656,196,114,392.79298245614024,9,4942.299999999999,0.07894736842105263,3472.99,0.07197699382339036,298891.3,74700.45,0.14981499963364603,0.2749434575025988
2025-04-01,East,Website,48198.41000000001,21754.840000000007,0.45136011748105387,219,128,376.5500781250001,9,3370.13,0.0703125,4452.530000000001,0.08456696119765385,353620.38,120161.45,0.13629986484376272,0.1810467500184128
2025-03-01,West,Marketplace,46378.08000000002,22290.37,0.48062295808709604,201,117,396.39384615384637,10,5913.53,0.08547008547008547,2452.6999999999994,0.05022856485192329,351996.38,94382.48,0.13175726409459104,0.2361706325156957
2025-11-01,West,Marketplace,44820.540000000015,20074.939999999995,0.44789598697382915,185,108,415.00500000000017,8,4714.619999999999,0.07407407407407407,3552.8499999999995,0.07344637206530286,462658.9,164573.51,0.09687599222667069,0.12198159959035931
2025-08-01,East,Marketplace,59080.99,28762.619999999988,0.4868337514317209,254,138,428.12311594202896,8,1962.54,0.057971014492753624,4768.710000000001,0.07468649030457468,433460.73,113072.83,0.13630067480392052,0.25437251371527525
2025-06-01,Central,Mobile App,46134.92999999999,20006.579999999998,0.4336536329414611,202,104,443.6050961538461,6,1636.75,0.057692307692307696,6057.539999999998,0.11606156980116095,384507.22,116012.74,0.11998456101812599,0.17245157730090677
2025-01-01,Central,Physical Store,58942.58000000001,29279.410000000007,0.4967446284163334,236,126,467.798253968254,3,975.0899999999999,0.023809523809523808,4626.229999999999,0.07277515498559747,366822.88,94642.94,0.16068403366769274,0.30936708010127334
2025-10-01,West,Physical Store,39673.029999999984,19355.479999999992,0.4878750123194523,171,94,422.0535106382977,6,3121.49,0.06382978723404255,2832.1900000000005,0.06663158077996068,385831.83,86767.46,0.10282466845723948,0.2230730276073541
2025-08-01,South,Physical Store,37132.08000000001,18251.290000000005,0.4915235020499794,159,98,378.8987755102042,10,3967.4500000000007,0.10204081632653061,2441.97,0.06170634544606883,495131.69,169081.18,0.07499435150272851,0.10794394739852185
2025-12-01,South,Mobile App,47381.380000000005,22941.069999999996,0.4841790171582169,187,111,426.85927927927935,8,4306.210000000001,0.07207207207207207,2627.2399999999993,0.05253574283793473,499946.74,150243.54,0.0947728552045364,0.15269255503431292
2025-02-01,South,Marketplace,38056.29999999999,17140.819999999996,0.45040689714974924,154,86,442.5151162790696,4,1682.9099999999999,0.046511627906976744,3221.06,0.07803454484492227,464657.83,130575.45,0.08190177275179025,0.13127138370957173
2025-01-01,South,Physical Store,45478.020000000004,22127.700000000004,0.4865581219235139,182,101,450.2774257425743,4,873.6899999999999,0.039603960396039604,3614.48,0.07362591027142641,408827.65,145325.52,0.11124007879604034,0.15226300239627566
2025-06-01,West,Physical Store,35629.36000000001,17776.670000000006,0.49893318319498303,158,91,391.53142857142865,8,3464.19,0.08791208791208792,2071.18,0.05493767463277713,415803.36,96298.66,0.08568800406038087,0.1845993495651965
2025-04-01,North,Physical Store,33641.98000000001,15294.380000000001,0.454621874217867,147,86,391.1858139534885,6,3496.1800000000003,0.06976744186046512,2328.259999999999,0.06472739687030164,228463.4,72309.85,0.1472532580710959,0.211511709677174
2025-04-01,South,Physical Store,36170.98,16832.17,0.46535012322032737,159,88,411.03386363636366,6,2526.13,0.06818181818181818,2687.7200000000003,0.06916649296039241,251479.82,77653.35,0.14383253495250634,0.21676038445218393
2025-03-01,Central,Mobile App,42789.06000000001,19889.940000000006,0.4648370401219377,180,107,399.8977570093459,7,3170.08,0.06542056074766354,2943.0499999999984,0.06435412667379657,417098.22,129717.6,0.10258749126284934,0.15333262410035342
2025-01-01,East,Mobile App,50623.150000000016,24398.390000000003,0.481961118579148,212,122,414.9438524590165,2,331.33,0.01639344262295082,4313.08,0.07851066591209478,248359.49,79092.46,0.20383014154200438,0.3084793417729073
2025-05-01,South,Mobile App,45618.86999999996,20640.499999999993,0.4524553107080472,171,105,434.46542857142816,8,5476.35,0.0761904761904762,4419.38,0.08832003517309263,406447.71,127941.74,0.11223798013279483,0.16132733539500083
2025-04-01,East,Physical Store,56762.22999999998,26729.739999999998,0.47090715075852385,220,122,465.2641803278687,9,3218.6099999999997,0.07377049180327869,4893.59,0.07936947396044688,353620.38,120161.45,0.1605174170108634,0.2224485473502525
2025-07-01,South,Mobile App,46608.040000000015,21335.84,0.45777166342974285,192,108,431.5559259259261,8,3884.9599999999996,0.07407407407407407,4643.299999999999,0.0905986067876469,298891.3,74700.45,0.1559364223716114,0.2856186274647609
2025-03-01,South,Physical Store,42831.43999999997,20203.769999999997,0.4717041967302526,189,104,411.84076923076896,5,2946.5,0.04807692307692308,3099.4099999999994,0.06747991818135307,260261.58,72247.08,0.16457073687172719,0.2796482570645069
2025-11-01,West,Mobile App,40897.529999999984,19126.120000000006,0.4676595383633196,179,107,382.2199065420559,7,2376.69,0.06542056074766354,2502.629999999999,0.05766407312784099,462658.9,164573.51,0.08839672164525525,0.11621627320216969
2025-08-01,South,Website,52540.87,24587.819999999996,0.46797512108193096,207,115,456.87713043478266,8,2330.79,0.06956521739130435,3535.9100000000003,0.06305479736889316,495131.69,169081.18,0.10611494085543181,0.1454202058443169
2025-04-01,North,Website,33138.50999999998,16324.27,0.49260724154465635,139,86,385.33151162790676,6,2039.07,0.06976744186046512,1978.79,0.05634801080948708,228463.4,72309.85,0.14504953528661477,0.2257544442423819
2025-01-01,Central,Website,50043.899999999994,24684.96000000001,0.493266112353354,195,101,495.48415841584153,2,949.4,0.019801980198019802,4231.6,0.07796519608294719,366822.88,94642.94,0.13642524152255714,0.2608219905256537
2025-06-01,West,Website,33288.810000000005,16525.709999999995,0.496434387411265,143,84,396.2953571428572,4,1243.9,0.047619047619047616,2198.3700000000003,0.06194828667704789,415803.36,96298.66,0.08005902116808293,0.17160892996849586
2025-07-01,East,Marketplace,54783.28000000002,24126.600000000002,0.4404007938188439,229,138,396.9802898550726,14,5903.459999999999,0.10144927536231885,4694.23,0.07892445396587718,243656.36,74694.9,0.22483829274967426,0.32300197202218633
2025-03-01,West,Mobile App,51464.87000000001,24319.56000000001,0.47254680717157166,222,115,447.52060869565224,3,1501.52,0.02608695652173913,3514.0699999999997,0.06391665608685795,351996.38,94382.48,0.1462085206671728,0.25767027948407384
2025-12-01,South,Marketplace,40748.490000000005,20610.899999999994,0.5058076998681421,157,94,433.49457446808515,7,3030.65,0.07446808510638298,3357.84,0.07613056901356337,499946.74,150243.54,0.08150566198311446,0.1371832692440553
2025-06-01,Central,Marketplace,41470.55999999999,19644.69,0.47370206720140756,163,105,394.9577142857142,4,2619.61,0.0380952380952381,3348.579999999999,0.0747131694182441,384507.22,116012.74,0.10785378750495242,0.1693321785176352
2025-08-01,Central,Physical Store,38898.979999999996,18679.930000000004,0.4802164478348791,150,92,422.81499999999994,5,2278.8599999999997,0.05434782608695652,2364.8100000000004,0.05730956851030894,280700.06,78586.74,0.13857845274418537,0.23769824273153464
2025-08-01,East,Mobile App,53090.98000000001,25951.470000000005,0.48881128206712327,219,128,414.7732812500001,10,6231.67,0.078125,3070.4599999999996,0.054672031201479135,433460.73,113072.83,0.12248163749458922,0.22951110359579754
2025-03-01,Central,Marketplace,52617.12,25525.429999999997,0.48511644118872327,204,111,474.02810810810814,11,4124.6,0.0990990990990991,4014.430000000001,0.07088681132690174,417098.22,129717.6,0.12615043046695334,0.1967769215588324
2025-01-01,East,Marketplace,53504.21000000006,25459.91999999999,0.4758489098334498,239,138,387.7116666666671,3,986.75,0.021739130434782608,3632.4700000000003,0.06357509746803629,248359.49,79092.46,0.21543050358172366,0.3219007222685954
2025-10-01,West,Website,41024.68999999998,19421.399999999998,0.47340759917990866,183,96,427.34052083333313,5,3412.1000000000004,0.052083333333333336,3966.2399999999993,0.0881564350859162,385831.83,86767.46,0.10632790456920047,0.22383275942386693
2025-03-01,East,Website,53864.72,23391.04000000001,0.43425529734490426,215,113,476.67893805309734,5,2629.76,0.04424778761061947,3654.3100000000004,0.06353219099835306,256028.95,73083.91,0.21038527088440584,0.3200573149411411
2025-02-01,South,Mobile App,30079.910000000007,13553.159999999998,0.45057182684389663,141,86,349.7663953488373,4,1572.2599999999998,0.046511627906976744,1466.4500000000003,0.04648555332532818,464657.83,130575.45,0.06473561416150031,0.10379562161187267
2025-05-01,South,Marketplace,51359.61000000001,24809.149999999998,0.48304786582296855,182,101,508.51099009901,6,2125.4900000000002,0.0594059405940594,3776.5299999999993,0.06849463890653207,406447.71,127941.74,0.12636215861568023,0.1939097436067385
2025-04-01,South,Website,32929.37,15515.640000000003,0.4711793757366145,140,87,378.49850574712644,7,3345.93,0.08045977011494253,2366.050000000001,0.06703560971933473,251479.82,77653.35,0.13094239529835833,0.19980644750033325
2025-01-01,South,Website,33303.490000000005,14551.63,0.4369400924647836,145,89,374.1965168539326,1,769.51,0.011235955056179775,2556.94,0.07130254712506237,408827.65,145325.52,0.08146095304463874,0.10013127769988368
2025-12-01,South,Physical Store,46804.34000000001,22580.56,0.48244585865327866,182,109,429.3976146788992,9,3206.9800000000005,0.08256880733944955,3068.0899999999992,0.061518758961614656,499946.74,150243.54,0.09361865225883864,0.1502930508692753
2025-04-01,South,Mobile App,45898.86,21695.480000000007,0.4726801493544721,179,101,454.44415841584157,8,3721.7700000000004,0.07920792079207921,3316.890000000001,0.06739488883131926,251479.82,77653.35,0.182515082124681,0.2793888480020502
2025-08-01,South,Mobile App,51044.189999999995,23806.88,0.4663974489555031,209,113,451.7184955752212,9,2309.0299999999997,0.07964601769911504,4314.319999999999,0.07793417850299794,495131.69,169081.18,0.10309214908058095,0.14080147772803575
2025-05-01,South,Physical Store,47439.43999999998,22812.090000000007,0.48086760720615623,194,112,423.5664285714284,10,6253.09,0.08928571428571429,4414.440000000002,0.08513229868237444,406447.71,127941.74,0.11671720330273229,0.17830060776100126
2025-08-01,East,Website,55315.33,26609.440000000006,0.48105000910235923,220,119,464.834705882353,8,2614.43,0.06722689075630252,4759.93,0.07923278234667645,433460.73,113072.83,0.12761324422629935,0.23533009654043333
2025-01-01,East,Physical Store,46173.86,19689.160000000003,0.4264135595334677,199,110,419.76236363636366,4,650.1400000000001,0.03636363636363636,3098.0999999999995,0.06287754739206641,248359.49,79092.46,0.18591542445187015,0.2489385208147528
2025-01-01,Central,Mobile App,48328.17999999999,23755.870000000003,0.4915531683585023,201,115,420.2450434782608,3,797.1700000000001,0.02608695652173913,3028.000000000001,0.058960771615022806,366822.88,94642.94,0.13174799783481334,0.25100519911997665
2025-03-01,West,Website,49769.65999999997,22799.530000000017,0.4581009795927887,202,119,418.23243697478966,7,1728.6100000000001,0.058823529411764705,4522.43,0.08329813790554022,351996.38,94382.48,0.14139253363912427,0.24156527779308212
2025-03-01,East,Mobile App,64507.290000000015,30566.029999999995,0.47383838322769395,247,133,485.0172180451129,13,5782.390000000001,0.09774436090225563,4079.4399999999996,0.05947856094028683,256028.95,73083.91,0.2519531092089391,0.418232002091842
2025-02-01,South,Website,36741.97,16863.98,0.4589840991106356,152,96,382.7288541666667,9,3410.75,0.09375,3581.430000000001,0.08881765922516459,464657.83,130575.45,0.07907317520077085,0.12915123018913585
2025-07-01,South,Website,43576.92,21016.52,0.48228557686041146,178,94,463.5842553191489,7,2956.4800000000005,0.07446808510638298,2138.1400000000003,0.0467710203158434,298891.3,74700.45,0.14579521049960303,0.28134395442062266
2025-08-01,Central,Marketplace,47063.49,21667.89999999999,0.4603972208605862,181,108,435.7730555555555,3,1263.21,0.027777777777777776,3544.31,0.0700348562869755,280700.06,78586.74,0.16766469519101634,0.27571954250806163
2025-04-01,North,Mobile App,44558.82000000001,21622.649999999994,0.4852608305157091,181,99,450.089090909091,4,2791.24,0.04040404040404041,3159.02,0.06620207452810102,228463.4,72309.85,0.19503701687009828,0.29902772582158577
2025-07-01,East,Physical Store,60407.56,27104.78,0.448698474164492,253,138,437.7359420289855,4,1133.3899999999999,0.028985507246376812,5424.74,0.08240240732892518,243656.36,74694.9,0.2479211295777381,0.36287323498659213
2025-03-01,South,Marketplace,47746.73999999997,22866.970000000005,0.4789221211751843,195,109,438.04348623853184,9,2489.24,0.08256880733944955,5013.3499999999985,0.09502163472427734,260261.58,72247.08,0.18345673610373062,0.31651064652024696
2025-10-01,West,Mobile App,44528.289999999986,20578.96000000001,0.4621547335413064,192,106,420.07820754716965,5,2004.75,0.04716981132075472,4510.410000000001,0.09197654097682038,385831.83,86767.46,0.11540854470197542,0.2371737054421094
2025-04-01,East,Marketplace,48618.84,22609.76,0.46504112397580855,201,111,438.00756756756755,8,5390.07,0.07207207207207207,3477.2800000000007,0.06674738924894981,353620.38,120161.45,0.13748879518765292,0.18816151103369674
2025-06-01,West,Mobile App,37337.15,16631.3,0.4454357121526415,175,99,377.1429292929293,6,3643.58,0.06060606060606061,2529.45,0.06344784857499759,415803.36,96298.66,0.08979520992807755,0.17270541459247718
2025-11-01,West,Website,33820.07999999999,15686.759999999993,0.4638297721353704,158,92,367.60956521739115,5,4035.4500000000003,0.05434782608695652,2619.770000000001,0.07189299626645008,462658.9,164573.51,0.0730993827201854,0.0953176486300863
2025-01-01,South,Mobile App,49407.599999999984,22876.050000000014,0.463006703422146,189,106,466.109433962264,3,774.3599999999999,0.02830188679245283,3893.31,0.07304396866770198,408827.65,145325.52,0.12085190421929627,0.15741247648726814
2025-06-01,Central,Physical Store,39304.19999999999,17534.269999999993,0.44611695442217364,176,96,409.4187499999999,4,1719.31,0.041666666666666664,2996.4900000000007,0.07083785158114449,384507.22,116012.74,0.10221966703252021,0.15114090055971433
2025-03-01,Central,Physical Store,35450.85000000001,15267.669999999996,0.4306714789631276,169,104,340.8735576923078,6,3137.2999999999997,0.057692307692307696,2507.06,0.0660484204741515,417098.22,129717.6,0.08499400932471017,0.117699294467366
2025-05-01,South,Website,46962.31000000001,21158.690000000006,0.4505461933197068,193,105,447.26009523809535,12,5601.45,0.11428571428571428,5387.240000000001,0.10290900303823051,406447.71,127941.74,0.1155433007606317,0.16537753824514193
2025-01-01,South,Marketplace,41335.52999999999,19301.110000000008,0.4669375232396926,170,100,413.35529999999994,1,454.64,0.01,3842.489999999999,0.08505220016282254,408827.65,145325.52,0.10110747157145557,0.13281294297106255
2025-08-01,East,Physical Store,48589.49999999999,22773.040000000008,0.4686823284866074,214,120,404.91249999999997,15,3956.140000000001,0.125,2809.819999999999,0.05466648196902213,433460.73,113072.83,0.11209665982890767,0.20140152147956328
2025-04-01,East,Mobile App,41255.81999999998,18686.34,0.4529382763450105,189,107,385.5684112149531,10,3185.66,0.09345794392523364,2992.9099999999994,0.06763832543894477,353620.38,120161.45,0.1166669749068195,0.15551027388567631
2025-06-01,Central,Website,45762.66000000002,22276.149999999998,0.4867756813087349,178,111,412.27621621621637,7,1578.1400000000003,0.06306306306306306,4188.319999999999,0.08384860517251108,384507.22,116012.74,0.11901638674041029,0.19201468735244076
2025-08-01,Central,Mobile App,52726.74000000001,25185.289999999983,0.477656877705695,239,121,435.7581818181819,8,2897.6499999999996,0.06611570247933884,3554.1499999999996,0.06315020960045231,280700.06,78586.74,0.1878401451000759,0.32047760220108357
2025-12-01,South,Website,42303.61999999999,20063.480000000007,0.47427336005760296,177,106,399.090754716981,7,3137.4499999999994,0.0660377358490566,3538.9,0.07719689057233328,499946.74,150243.54,0.08461625332330397,0.1335397182467879
2025-03-01,Central,Website,41419.69,20641.72000000001,0.4983552508480872,159,93,445.3730107526882,5,659.16,0.053763440860215055,2191.5899999999997,0.05025282449861594,417098.22,129717.6,0.09930440364861784,0.15912813681412552
2025-03-01,South,Mobile App,49450.070000000014,23482.719999999994,0.4748773864223041,184,108,457.87101851851867,7,2693.42,0.06481481481481481,4865.580000000001,0.08957970676959584,260261.58,72247.08,0.19000142087817962,0.3250334823220536
2025-10-01,West,Marketplace,48279.920000000006,23077.929999999993,0.47800265617672916,189,100,482.79920000000004,9,3570.14,0.09,3860.75,0.07404488664990307,385831.83,86767.46,0.12513202967209835,0.265974479372797
2025-07-01,South,Physical Store,44948.43,20455.069999999992,0.4550786312224919,205,111,404.94081081081083,3,1823.29,0.02702702702702703,3529.310000000001,0.07280269253475925,298891.3,74700.45,0.15038386865057632,0.2738279354408172
2025-03-01,West,Physical Store,47342.23000000001,21831.719999999994,0.4611468450049774,217,118,401.2053389830509,12,4339.98,0.1016949152542373,3908.5399999999995,0.0762630493161371,351996.38,94382.48,0.13449635476364846,0.23131115012023412
2025-07-01,East,Website,46153.70999999999,21737.080000000013,0.4709714560324623,182,107,431.3430841121495,4,1065.52,0.037383177570093455,3162.0799999999995,0.06411901745870846,243656.36,74694.9,0.18942132271860251,0.2910115683935585
2025-08-01,South,Marketplace,43765.65,19522.649999999994,0.4460724335180671,210,123,355.8182926829268,9,1740.1400000000003,0.07317073170731707,3814.11,0.08016244722545886,495131.69,169081.18,0.088391938718364,0.11546317573605765
2025-03-01,East,Marketplace,47044.50999999998,22283.06000000001,0.47365909433428083,193,112,420.0402678571427,8,3689.5,0.07142857142857142,4512.059999999999,0.08751668313078237,256028.95,73083.91,0.18374683800406155,0.30489693285430414
2025-02-01,South,Physical Store,38683.939999999995,17103.559999999994,0.4421359354812358,157,83,466.0715662650602,6,2094.36,0.07228915662650602,2773.8599999999997,0.06690803660589802,464657.83,130575.45,0.08325253014675335,0.1309860314477185
2025-06-01,West,Marketplace,44102.49,21792.559999999994,0.49413445816778134,169,104,424.0624038461538,9,6342.75,0.08653846153846154,3101.94,0.06571290025109933,415803.36,96298.66,0.10606573741972648,0.22630179900737968
2025-11-01,West,Physical Store,47469.909999999974,23077.389999999996,0.4861477512807589,177,92,515.9772826086954,11,6850.05,0.11956521739130435,3727.6800000000003,0.07280967717425764,462658.9,164573.51,0.10260239238886353,0.14022542266978444
2025-04-01,South,Marketplace,37409.249999999985,17484.709999999995,0.46739001717489664,164,104,359.7043269230768,10,4018.91,0.09615384615384616,3251.9300000000007,0.07997628204592196,251479.82,77653.35,0.14875646880930637,0.22516362784091085
2025-01-01,East,Website,48777.57999999999,23624.909999999996,0.4843395264791735,209,123,396.56569105691045,3,837.38,0.024390243902439025,3352.9799999999996,0.06431889471358067,248359.49,79092.46,0.1963990987419083,0.29869990135595725
2025-04-01,North,Marketplace,37027.65,17805.340000000004,0.48086605550176703,145,86,430.5540697674419,3,885.49,0.03488372093023256,2968.6800000000003,0.07422381003457068,228463.4,72309.85,0.16207256829759165,0.2462367160213996
2025-01-01,Central,Marketplace,55382.67999999998,27317.739999999994,0.4932542087165158,216,120,461.52233333333317,1,265.34,0.008333333333333333,3262.5799999999995,0.055632458616433796,366822.88,94642.94,0.150979350034,0.2886400190019456
2025-10-01,North,Physical Store,34734.240000000005,16094.060000000001,0.4633485575040651,167,96,361.81500000000005,9,3313.6300000000006,0.09375,3635.450000000001,0.09474796382248597,422778.24,115368.66,0.08215711385713703,0.13950114355146365
2025-04-01,Central,Website,54606.72000000001,26030.599999999995,0.47669224593603116,225,121,451.29520661157034,4,2080.9,0.03305785123966942,4000.7999999999997,0.06826427734870881,367793.63,107010.52,0.14847108689729077,0.24325271945225566
2025-08-01,West,Website,40812.34000000002,18906.300000000003,0.46324959558800094,180,112,364.395892857143,8,2558.24,0.07142857142857142,3293.289999999999,0.07466824530111008,509498.98,164916.07,0.08010288852786324,0.1146419509026622
2025-05-01,Central,Website,41209.710000000014,18535.31000000001,0.44978016103486296,179,103,400.09427184466034,13,9947.17,0.1262135922330097,3685.129999999999,0.08208359802596467,385188.25,106296.78,0.1069858958574152,0.17437320302646994
2025-01-01,West,Physical Store,46251.870000000024,21585.139999999985,0.46668686044477714,183,100,462.51870000000025,5,1236.59,0.05,3797.3300000000004,0.0758719420090631,405705.83,109443.69,0.11400346403698469,0.197225988999457
2025-11-01,South,Mobile App,36470.860000000015,17530.680000000004,0.4806763536697516,159,95,383.90378947368436,11,3480.1400000000003,0.11578947368421053,2315.4799999999996,0.059698337094966934,463085.59,155662.27,0.07875619709954701,0.11261996885950594
2025-07-01,North,Marketplace,35498.85,16915.460000000003,0.47650726713682284,145,78,455.11346153846154,10,4556.969999999999,0.1282051282051282,1746.1200000000001,0.046882035345980955,273188.13,88370.7,0.1299428712367554,0.19141480151226598
2025-10-01,East,Marketplace,51197.81999999996,25954.80000000002,0.5069512725346517,201,120,426.6484999999997,6,1229.67,0.05,2356.039999999999,0.043993840966832266,470091.25,128731.62,0.10891038707910425,0.20161946225799088
2025-12-01,West,Mobile App,32861.08,14777.579999999996,0.44969854916515206,156,92,357.18565217391307,8,3536.86,0.08695652173913043,2179.019999999999,0.06218646636282427,246224.3,69777.53,0.13345993876315215,0.21178135712169802
2025-06-01,South,Website,43064.630000000005,19099.77,0.4435140856893464,187,107,402.4731775700935,6,2676.24,0.056074766355140186,3552.6299999999987,0.07620846870880009,510837.65,147806.23,0.08430198909575283,0.12922168436337222
2025-07-01,Central,Physical Store,31838.90000000001,15167.68,0.4763883174355897,153,89,357.74044943820235,5,1105.3400000000001,0.056179775280898875,2912.6600000000008,0.08381379138087615,518016.88,122720.54,0.06146305502631499,0.12359528404943461
2025-12-01,East,Marketplace,61184.57,29211.959999999992,0.47743998200853566,231,118,518.5133050847458,9,2145.86,0.07627118644067797,5405.67,0.08117811258827119,377646.34,127319.13,0.1620155248955941,0.22943889107630558
2025-04-01,West,Website,33523.15,15418.419999999998,0.4599335086350775,147,92,364.3820652173913,8,3072.92,0.08695652173913043,2291.1200000000003,0.06397226580354703,325818.45,73513.95,0.10288904756621364,0.2097346149948411
2025-11-01,Central,Physical Store,42039.99,19115.75999999999,0.4547041995014745,184,108,389.25916666666666,8,2710.3599999999997,0.07407407407407407,3539.290000000001,0.07765129242936708,251125.63,73390.13,0.1674062101904931,0.2604677222945373
2025-05-01,North,Mobile App,27983.98999999999,12208.45,0.43626552182158457,126,82,341.2681707317072,9,5137.39,0.10975609756097561,2452.5300000000007,0.08057852868856233,515312.96,120427.42,0.05430484418633676,0.10137599892117594
2025-02-01,East,Mobile App,44548.59000000001,19971.819999999992,0.4483154236755863,236,133,334.9518045112783,10,5993.509999999999,0.07518796992481203,3126.4199999999996,0.06557775236963766,454213.36,141737.76,0.09807855497689459,0.14090684091522254
2025-06-01,East,Physical Store,54889.22,26058.680000000004,0.4747504154732023,234,125,439.11376,4,222.16,0.032,4312.99,0.07285184117282112,408959.15,107820.37,0.13421687716242564,0.24168605616916364
2025-09-01,North,Website,41223.58000000001,19348.830000000005,0.46936316545045337,164,83,496.669638554217,8,3139.3399999999997,0.0963855421686747,2867.17,0.06502883257826186,231481.91,63746.41,0.17808553592805593,0.3035281516245386
2025-06-01,North,Website,42820.12,19848.329999999998,0.4635281264975436,164,89,481.12494382022476,3,1539.3600000000001,0.033707865168539325,3943.12,0.08432093242469944,344412.14,98020.0,0.12432813779444593,0.2024926545602938
2025-12-01,Central,Mobile App,41865.950000000004,18443.219999999998,0.44053031162555717,187,110,380.5995454545455,6,3495.65,0.05454545454545454,4612.560000000001,0.09924070285385658,261293.55,89638.45,0.16022573079205363,0.2057512150198938
2025-12-01,North,Mobile App,37411.19000000001,16372.820000000007,0.4376449933829959,158,92,406.6433695652175,8,3238.94,0.08695652173913043,3439.46,0.08419596750602497,307667.23,109154.38,0.12159627790063963,0.14999691262961692
2025-10-01,Central,Marketplace,58116.55000000001,28680.11999999999,0.49349316158650136,231,112,518.897767857143,4,665.4200000000001,0.03571428571428571,4161.079999999999,0.06681500243345805,385435.55,108823.51,0.15078149900807025,0.26354709565975215
2025-09-01,Central,Website,36390.97999999998,16236.239999999996,0.4461611091539718,206,114,319.21912280701736,4,1267.32,0.03508771929824561,4279.100000000001,0.10521493933623931,505440.39,111368.07,0.0719985595136154,0.14578900397573555
2025-02-01,West,Website,39008.040000000015,17451.550000000003,0.4473834112147136,187,112,348.2860714285716,3,1243.77,0.026785714285714284,2723.7099999999996,0.06526709280104474,453319.12,154104.01,0.0860498449745513,0.11324526856893602
2025-07-01,West,Physical Store,42808.01000000002,20321.030000000006,0.4747015803818023,180,102,419.6863725490198,6,5472.26,0.058823529411764705,3268.49,0.07093616051566415,463763.91,164745.52,0.09230560868783433,0.12334799756618577
2025-02-01,North,Website,39631.69,20085.860000000004,0.5068131083988596,146,78,508.0985897435898,3,1228.19,0.038461538461538464,2948.6299999999987,0.06924865759580949,380746.51,98119.09,0.1040894373529517,0.20470899189953765
2025-09-01,South,Physical Store,56081.72000000002,27155.309999999987,0.48420964977536307,203,125,448.6537600000002,2,164.46,0.016,3690.059999999999,0.06173582249014499,486347.9,171586.46,0.11531194027978742,0.15826021470458676
2025-11-01,North,Marketplace,29592.57,14487.910000000002,0.48957930994165094,116,74,399.8995945945946,3,2004.7600000000002,0.04054054054054054,1531.0299999999997,0.049191931524630826,426444.89,96992.37,0.06939365600089616,0.14937164645012802
2025-03-01,North,Physical Store,38122.329999999994,17671.119999999995,0.4635372496906668,166,94,405.5567021276595,6,2320.48,0.06382978723404255,3095.61,0.07510346223028128,491036.87,176091.63,0.07763639011465676,0.10035184522966818
2025-10-01,South,Website,38810.05999999998,18298.620000000003,0.47149166994330877,161,99,392.0208080808079,9,4539.64,0.09090909090909091,2889.26,0.0692879404268463,382237.82,90854.7,0.10153380426876644,0.20140532080343673
2025-11-01,East,Physical Store,54788.64,25307.87,0.46191820056128424,251,143,383.13734265734263,5,1257.76,0.03496503496503497,3684.2200000000003,0.06300735076067765,350867.73,83431.8,0.15615183533692312,0.303336018160941
2025-05-01,West,Physical Store,58363.65000000002,27231.390000000003,0.46658133958379905,212,115,507.5100000000002,3,1721.02,0.02608695652173913,3890.7799999999993,0.0624980423079932,250477.56,62752.45,0.23300949594047476,0.43394943145646114
2025-09-01,East,Marketplace,58759.259999999995,27639.09999999999,0.47037862627950033,260,128,459.05671874999996,9,2722.29,0.0703125,4345.049999999999,0.06885504334014583,273725.31,76129.11,0.21466505965414742,0.36305560382881125
2025-01-01,North,Mobile App,37771.00999999999,18121.200000000004,0.4797647719772389,174,97,389.391855670103,1,322.15,0.010309278350515464,2471.449999999999,0.06141398910503978,511031.21,145788.28,0.07391135660775001,0.12429805742958216
2025-02-01,Central,Physical Store,45848.799999999996,21438.299999999996,0.46758693793512585,191,102,449.4980392156862,5,3917.57,0.049019607843137254,3705.3499999999985,0.07477375759648786,251789.77,81218.81,0.1820915917274955,0.2639573271265609
2025-09-01,West,Website,45186.22,22436.180000000004,0.49652703855290403,176,98,461.0838775510204,3,841.65,0.030612244897959183,2573.3899999999994,0.0538821401598547,457732.01,129195.97,0.09871763174264347,0.17366006075886117
2025-08-01,North,Marketplace,35915.39,15789.179999999997,0.4396215661308424,148,92,390.38467391304346,3,2842.79,0.03260869565217391,3378.0,0.0859686578327805,250409.82,82311.5,0.14342644389904516,0.19182228485691546
2025-05-01,East,Marketplace,55050.38000000002,26704.33,0.4850889312662327,222,127,433.4675590551183,5,2212.52,0.03937007874015748,4234.25,0.0714223905926376,,,,
2025-07-01,North,Website,28287.339999999993,13507.579999999998,0.47751326211655115,120,70,404.10485714285704,9,5222.26,0.12857142857142856,2776.0000000000005,0.08936579260311354,273188.13,88370.7,0.10354527482581323,0.15285134099876993
2025-05-01,Central,Marketplace,39555.47000000002,19467.120000000006,0.49214735661085546,157,88,449.49397727272753,9,1394.0800000000002,0.10227272727272728,2843.32,0.0670613477412917,385188.25,106296.78,0.10269126849014741,0.1831393199304815
2025-06-01,South,Marketplace,48115.22000000001,21585.899999999998,0.4486293526248034,203,119,404.32957983193285,11,7096.210000000001,0.09243697478991597,4754.009999999999,0.0899201671747442,510837.65,147806.23,0.09418886802881504,0.14604188199644896
2025-11-01,East,Mobile App,51095.23000000002,23563.930000000004,0.46117670866732563,212,111,460.31738738738756,5,2238.49,0.04504504504504504,4166.62,0.07539776536616129,350867.73,83431.8,0.14562533294241684,0.2824334366512529
2025-08-01,West,Marketplace,35288.12,16368.789999999999,0.4638612088147512,151,90,392.0902222222222,6,3072.83,0.06666666666666667,2797.329999999999,0.07344878424700244,509498.98,164916.07,0.06926043306308484,0.09925527572904204
2025-06-01,North,Marketplace,45731.830000000016,22642.550000000007,0.4951157651027741,176,96,476.3732291666668,6,4334.1900000000005,0.0625,3555.5600000000004,0.07213934436374088,344412.14,98020.0,0.1327822822970178,0.23099928586002863
2025-10-01,Central,Website,45313.88,22502.710000000003,0.4965964071052844,181,106,427.4894339622641,9,4422.48,0.08490566037735849,3444.23,0.07063912034326188,385435.55,108823.51,0.11756538803958275,0.20678169634484317
2025-09-01,North,Marketplace,31393.18999999999,13104.869999999999,0.41744308240099215,148,88,356.7407954545454,7,2725.73,0.07954545454545454,4362.37,0.12200536084457914,231481.91,63746.41,0.13561832974334795,0.20557816510765073
2025-04-01,Central,Marketplace,47047.149999999994,23226.99999999999,0.4936962175179579,188,97,485.02216494845356,8,1899.3500000000004,0.08247422680412371,3466.5699999999993,0.06862630588283739,367793.63,107010.52,0.12791725076913374,0.2170534261491299
2025-11-01,South,Physical Store,34770.72000000001,16892.53,0.48582629292692225,155,94,369.9012765957448,8,3044.3399999999997,0.0851063829787234,2844.5899999999997,0.07562319704396958,463085.59,155662.27,0.075084867140867,0.10852038840240477
2025-07-01,Central,Mobile App,52029.79,24279.929999999997,0.4666543916475541,205,115,452.43295652173913,8,3241.64,0.06956521739130435,4217.889999999999,0.07498780394142476,518016.88,122720.54,0.10044033700214557,0.19784732042411154
2025-02-01,Central,Mobile App,36268.01999999998,16386.890000000003,0.45182753290640104,153,94,385.8299999999998,7,3026.95,0.07446808510638298,2894.829999999999,0.07391775624092727,251789.77,81218.81,0.1440408798181117,0.2017622518724419
2025-10-01,North,Mobile App,40877.3,19773.189999999995,0.4837205490577899,155,88,464.51477272727277,9,4538.05,0.10227272727272728,3086.0399999999995,0.0701957585570159,422778.24,115368.66,0.09668733187403401,0.17139134666208306
2025-02-01,North,Marketplace,33772.72999999999,16051.899999999998,0.4752917516588088,145,88,383.7810227272726,2,839.55,0.022727272727272728,2385.36,0.06597029876301541,380746.51,98119.09,0.0887013514582182,0.16359609531641597
2025-09-01,West,Marketplace,50197.15000000001,24171.590000000015,0.48153311492783973,221,130,386.13192307692316,10,4817.130000000001,0.07692307692307693,3640.38,0.06761788663038591,457732.01,129195.97,0.1096649325442632,0.18709244568541894
2025-05-01,North,Physical Store,44491.97000000001,20948.389999999996,0.47083529904384974,168,94,473.3188297872341,8,3549.3300000000004,0.0851063829787234,3710.02,0.07696819156221557,515312.96,120427.42,0.08633970703938827,0.17395033456666262
2025-08-01,North,Website,33233.69999999999,14930.830000000004,0.44926776133864144,174,91,365.2054945054944,4,1023.6500000000001,0.04395604395604396,2403.310000000001,0.06743859824379213,250409.82,82311.5,0.13271723928398652,0.18139421587506002
2025-04-01,West,Marketplace,42432.81999999999,21130.08000000001,0.49796548992030254,165,106,400.30962264150935,9,2548.09,0.08490566037735849,2129.2400000000002,0.04778145355039693,325818.45,73513.95,0.13023455240180534,0.28742952868129124
2025-11-01,North,Website,38881.290000000015,19028.600000000002,0.4894024863886974,155,95,409.27673684210544,6,2187.1200000000003,0.06315789473684211,2343.73,0.056852125238508085,426444.89,96992.37,0.09117541542120487,0.19618656601545054
2025-12-01,West,Physical Store,54365.60000000001,25708.929999999993,0.4728896581661931,215,111,489.7801801801803,10,4915.4800000000005,0.09009009009009009,3419.740000000001,0.05918006193266321,246224.3,69777.53,0.220797053743274,0.36844138793677556
2025-09-01,South,Mobile App,31400.93000000001,12766.320000000002,0.4065586592499011,168,98,320.4176530612246,9,2535.0299999999997,0.09183673469387756,3308.560000000001,0.09532148124331416,486347.9,171586.46,0.06456474881458316,0.07440167481746521
2025-11-01,Central,Mobile App,44125.81999999999,20925.29,0.47421872273421783,183,96,459.6439583333333,9,5522.99,0.09375,3868.790000000001,0.08060884336803657,251125.63,73390.13,0.1757121326086867,0.285124035071201
2025-07-01,West,Mobile App,46183.47999999997,20552.070000000014,0.44500912447481283,198,109,423.70165137614646,14,5361.339999999999,0.12844036697247707,3578.55,0.07191326398862752,463763.91,164745.52,0.09958403188380908,0.12475040292446202
2025-12-01,North,Physical Store,40631.91000000001,19616.580000000013,0.48278754309113225,187,95,427.7043157894738,8,3968.31,0.08421052631578947,2831.5099999999998,0.06514696726580647,307667.23,109154.38,0.1320644710845546,0.17971408934758287
2025-09-01,Central,Marketplace,40069.64999999997,17781.559999999994,0.4437662919441524,177,97,413.08917525773165,11,4456.6,0.1134020618556701,4432.91,0.09961022467022118,505440.39,111368.07,0.0792767075856363,0.1596647944065116
2025-02-01,East,Physical Store,54749.649999999994,25372.700000000004,0.4634312730766317,223,125,437.99719999999996,9,4810.71,0.072,4076.7699999999995,0.06930168451522292,454213.36,141737.76,0.12053729551239971,0.17901157743709228
2025-10-01,South,Marketplace,36895.07999999999,17361.770000000004,0.47057141494204674,171,96,384.32374999999985,10,5278.64,0.10416666666666667,3861.4899999999993,0.0947452153112983,382237.82,90854.7,0.09652388662116163,0.19109380142139046
2025-01-01,North,Physical Store,31553.42000000001,15597.890000000001,0.4943327854793552,146,81,389.5483950617285,2,1171.53,0.024691358024691357,2308.439999999999,0.06817227405700686,511031.21,145788.28,0.06174460460056835,0.10699001318898886
2025-03-01,North,Mobile App,34305.18,15083.390000000003,0.439682578549362,147,90,381.1686666666667,11,3752.25,0.12222222222222222,1889.8700000000003,0.052213493281539874,491036.87,176091.63,0.06986273759850253,0.08565648463813982
2025-12-01,Central,Physical Store,45435.229999999996,21701.140000000003,0.4776280432607033,181,113,402.08168141592915,6,1795.99,0.05309734513274336,3269.1799999999994,0.06712287449945498,261293.55,89638.45,0.17388576947268694,0.24209633254479526
2025-06-01,East,Mobile App,58433.599999999984,28249.12000000001,0.4834396648503604,224,128,456.5124999999999,5,1901.0,0.0390625,5052.069999999998,0.0795781158173175,408959.15,107820.37,0.1428837085562213,0.26200169782389
2025-02-01,West,Marketplace,39405.69999999997,18065.459999999992,0.4584478895185216,191,106,371.7518867924525,4,1184.01,0.03773584905660377,2971.7500000000005,0.07012573904281641,453319.12,154104.01,0.08692706365440744,0.11722900656511138
2025-09-01,East,Website,50374.12000000002,24207.779999999988,0.48055985891167885,199,121,416.3150413223142,6,2877.7400000000002,0.049586776859504134,4756.619999999998,0.0862789071940626,273725.31,76129.11,0.1840316483704047,0.31798322612729857
2025-12-01,East,Website,52258.490000000005,23902.789999999997,0.457395343799639,231,132,395.89765151515155,9,3367.9,0.06818181818181818,4928.48,0.08618186975109887,377646.34,127319.13,0.13837944252286413,0.18773918734757294
2025-05-01,West,Mobile App,38425.32000000002,17024.83,0.4430628033806873,165,95,404.47705263157917,6,1909.23,0.06315789473684211,3159.2200000000003,0.07597102192305122,250477.56,62752.45,0.15340823345612287,0.27130143922667566
2025-10-01,East,Website,49281.37999999999,23223.269999999993,0.47123822425427203,209,109,452.1227522935779,4,4314.28,0.03669724770642202,3029.040000000001,0.057905098066503805,470091.25,128731.62,0.10483364665902628,0.18040066613004632
2025-01-01,West,Mobile App,48878.44000000002,24297.01000000001,0.49709053725937247,177,105,465.50895238095256,1,2198.7,0.009523809523809525,2979.23,0.05745013225623133,405705.83,109443.69,0.12047753910758446,0.22200466742303746
2025-05-01,East,Website,54080.479999999996,23848.030000000006,0.4409729721333836,238,130,416.0036923076923,11,3805.5099999999998,0.08461538461538462,4920.709999999999,0.0834001822675102,,,,
2025-10-01,Central,Mobile App,46221.64,20866.000000000004,0.45143357094209563,196,117,395.05675213675215,6,3947.58,0.05128205128205128,3703.55,0.07418199109507644,385435.55,108823.51,0.11992054183896633,0.19174165582418728
2025-04-01,Central,Physical Store,35506.69999999999,16163.210000000003,0.45521577617745407,169,104,341.4105769230768,3,1699.29,0.028846153846153848,2692.319999999999,0.07048138931312892,367793.63,107010.52,0.09653973615584367,0.1510431871558049
2025-06-01,South,Physical Store,42562.41999999999,21035.580000000005,0.494228946568358,180,103,413.22737864077664,7,2123.51,0.06796116504854369,2351.83,0.05236266886344536,510837.65,147806.23,0.08331887831681942,0.1423186289238282
2025-01-01,West,Website,53654.31000000001,26572.230000000018,0.49524875075273567,215,114,470.65184210526326,3,3894.12,0.02631578947368421,3547.2100000000005,0.062012512954201224,405705.83,109443.69,0.13224929501259572,0.24279362291238551
2025-09-01,North,Physical Store,36065.29,18065.020000000004,0.5008976775176355,157,83,434.52156626506024,3,1688.29,0.03614457831325301,1801.1099999999992,0.047564859611687355,231481.91,63746.41,0.15580176437977378,0.28338882142539484
2025-11-01,North,Mobile App,31798.520000000008,14754.300000000001,0.4639932927696005,121,72,441.6461111111112,8,3139.07,0.1111111111111111,2610.2499999999995,0.07586002057033715,426444.89,96992.37,0.0745665401219839,0.15211815114941518
2025-12-01,East,Mobile App,55103.54999999998,25600.08,0.4645813200782892,224,125,440.8283999999999,10,2255.6699999999996,0.08,4864.780000000001,0.0811224858187647,377646.34,127319.13,0.14591310483771663,0.2010701769639802
2025-07-01,Central,Website,42602.69000000002,19160.870000000003,0.44975728058486436,192,103,413.61834951456325,8,2948.27,0.07766990291262135,3361.640000000001,0.07313584251092096,518016.88,122720.54,0.08224189528341241,0.156134172812473
2025-09-01,West,Physical Store,35709.73999999998,16326.290000000005,0.4571943116919925,158,93,383.975698924731,8,2213.95,0.08602150537634409,2831.82,0.07347445199415907,457732.01,129195.97,0.07801451333936638,0.1263684153615628
2025-05-01,Central,Physical Store,45906.80000000001,22284.430000000004,0.4854276490628839,181,103,445.6970873786409,9,4606.9,0.08737864077669903,3121.599999999999,0.06366922028864899,385188.25,106296.78,0.11918016710011277,0.2096435094270965
2025-04-01,West,Physical Store,37855.789999999986,18118.710000000006,0.47862453801650984,162,96,394.3311458333332,10,3938.1200000000003,0.10416666666666667,2693.25,0.06641957491472057,325818.45,73513.95,0.11618675983511671,0.2464662829299746
2025-09-01,East,Mobile App,44940.049999999996,21695.500000000004,0.482765372980226,182,99,453.93989898989895,8,3508.39,0.08080808080808081,2647.9999999999995,0.05564422160605446,273725.31,76129.11,0.16417937384014653,0.2849829716911179
2025-02-01,East,Marketplace,48785.44999999998,23324.110000000015,0.47809562072298245,202,108,451.7171296296295,7,2690.75,0.06481481481481481,3201.059999999999,0.061574820083133086,454213.36,141737.76,0.10740646202040377,0.16455819536022026
2025-12-01,Central,Marketplace,39489.91000000001,18743.209999999992,0.47463288723625824,173,116,340.43025862068976,5,1240.0300000000002,0.04310344827586207,4323.329999999999,0.09867633619426451,261293.55,89638.45,0.1511323566923103,0.20909788154525197
2025-12-01,North,Marketplace,47378.44000000002,23152.720000000005,0.488676283980646,198,111,426.83279279279293,7,2268.53,0.06306306306306306,2222.41,0.04480588538301259,307667.23,109154.38,0.1539924807721642,0.2121098576163412
2025-06-01,East,Website,50544.1,24046.279999999995,0.475748504771081,219,131,385.8328244274809,11,5339.27,0.08396946564885496,2821.0399999999995,0.05286297384397381,408959.15,107820.37,0.12359205069748408,0.22302167948412713
2025-03-01,North,Website,25325.179999999997,11768.260000000002,0.46468613451118623,126,80,316.56474999999995,8,6079.379999999999,0.1,2186.38,0.07947132041948915,491036.87,176091.63,0.05157490515936206,0.06683032010096109
2025-01-01,North,Marketplace,38155.45999999999,18224.9,0.4776485462368952,171,91,419.2907692307691,3,2056.0699999999997,0.03296703296703297,3006.6099999999988,0.0730432167284104,511031.21,145788.28,0.07466365899648279,0.12500936289254527
2025-12-01,West,Marketplace,38942.22999999999,17721.38,0.4550684436921051,184,100,389.4222999999999,7,4350.75,0.07,2921.8300000000004,0.06979327853055822,246224.3,69777.53,0.15815754172110547,0.2539697234912156
2025-08-01,West,Physical Store,35956.369999999995,16901.24,0.4700485616317777,167,104,345.7343269230769,8,3941.4199999999996,0.07692307692307693,3190.280000000001,0.08149560690378366,509498.98,164916.07,0.07057201566919721,0.10248388771330776
2025-05-01,West,Website,40327.6,18578.889999999992,0.4606991241730228,176,97,415.7484536082474,10,2572.9000000000005,0.10309278350515463,2724.3999999999996,0.06328161293319706,250477.56,62752.45,0.1610028459236029,0.2960663687234521
2025-09-01,Central,Physical Store,42880.66000000002,21253.54,0.495643956972677,183,100,428.8066000000002,7,3719.25,0.07,2928.08,0.06391967995627035,505440.39,111368.07,0.08483821405725019,0.19084051649633507
2025-02-01,West,Physical Store,43986.91,19405.22,0.4411589720669172,193,105,418.92295238095244,6,2492.13,0.05714285714285714,3801.23,0.07954337624356167,453319.12,154104.01,0.09703299079906447,0.1259228750763851
2025-11-01,East,Website,46174.11999999998,21320.15,0.4617337590840932,210,120,384.78433333333317,7,4671.12,0.058333333333333334,2874.6699999999996,0.0586083774951431,350867.73,83431.8,0.1315997911805682,0.25553985410838553
2025-08-01,North,Mobile App,27127.58,12625.199999999999,0.4654008945877221,121,74,366.5889189189189,4,1094.71,0.05405405405405406,3331.3800000000006,0.10937274286449705,250409.82,82311.5,0.10833273231856483,0.15338318460968392
2025-11-01,Central,Website,37395.97000000001,18219.559999999998,0.4872065091505848,144,93,402.10720430107534,7,5276.610000000001,0.07526881720430108,2729.289999999999,0.0680192477257468,251125.63,73390.13,0.14891339446316176,0.24825627097267708
2025-10-01,South,Physical Store,41551.7,19949.859999999997,0.4801213909418868,174,106,391.9971698113207,10,3836.84,0.09433962264150944,3662.3899999999994,0.08100107731903929,382237.82,90854.7,0.108706406917034,0.21957983461505015
2025-02-01,North,Physical Store,39101.229999999996,18958.729999999992,0.48486275239934895,168,94,415.97053191489357,6,2176.0399999999995,0.06382978723404255,2749.8399999999997,0.06570536906224858,380746.51,98119.09,0.10269622694637436,0.19322162486423378
2025-09-01,South,Website,46973.74000000001,22364.099999999995,0.47609792194532496,187,109,430.95174311926615,9,3495.81,0.08256880733944955,3528.51,0.06986837220123854,486347.9,171586.46,0.0965846465051047,0.1303372072598269
2025-10-01,North,Website,30009.77,14866.580000000005,0.49539133422215514,133,81,370.490987654321,2,507.5,0.024691358024691357,2093.6699999999996,0.06521637556598293,422778.24,115368.66,0.07098229558834437,0.12886151230325468
2025-11-01,South,Marketplace,49492.75999999997,22005.960000000014,0.44462988121899094,209,115,430.3718260869563,6,1868.16,0.05217391304347826,5206.6100000000015,0.09518592261665908,463085.59,155662.27,0.10687605286962172,0.14136990293151971
2025-07-01,West,Website,40047.850000000006,18140.039999999997,0.45295914761965983,175,107,374.2789719626169,6,1436.27,0.056074766355140186,3690.4900000000016,0.08437654469739819,463763.91,164745.52,0.08635395971195776,0.11010945851516933
2025-02-01,Central,Website,26144.900000000005,11414.600000000002,0.4365899276723185,135,82,318.8402439024391,2,1798.25,0.024390243902439025,1950.4199999999994,0.0694215264321602,251789.77,81218.81,0.10383622813587703,0.14054133519070278
2025-05-01,North,Marketplace,36272.11999999998,16815.79,0.46360096956009217,162,86,421.7688372093021,4,1552.62,0.046511627906976744,2005.9200000000003,0.05240393708768789,515312.96,120427.42,0.07038852661497196,0.1396342294802961
2025-06-01,North,Physical Store,47787.21000000001,23176.509999999995,0.4849939973478257,169,92,519.426195652174,3,578.81,0.03260869565217391,3481.4500000000016,0.06790600729568518,344412.14,98020.0,0.13875007425696437,0.23644674556213013
2025-10-01,East,Mobile App,45436.87000000002,21705.15000000002,0.4776990580557158,194,112,405.68633928571444,5,1238.28,0.044642857142857144,3214.06,0.06606369086880765,470091.25,128731.62,0.09665542594124017,0.1686077593057558
2025-07-01,North,Mobile App,29450.79,12602.410000000003,0.4279141578205543,142,84,350.6046428571429,2,569.94,0.023809523809523808,2793.09,0.0866238802526247,273188.13,88370.7,0.10780406161863622,0.14260846638082536
2025-09-01,West,Mobile App,35911.7,16504.02,0.45957222854947,167,97,370.22371134020614,8,2288.16,0.08247422680412371,3020.25,0.07757767078196702,457732.01,129195.97,0.07845573220889664,0.1277440774661934
2025-11-01,North,Physical Store,36615.05000000001,17567.42,0.47978686359843814,158,95,385.4215789473685,6,1767.2700000000002,0.06315789473684211,2692.2399999999993,0.06849212957698175,426444.89,96992.37,0.08586115312578844,0.1811216696736042
2025-12-01,North,Website,40094.37,19149.979999999992,0.47762266871882486,163,87,460.8548275862069,8,3207.3900000000003,0.09195402298850575,4446.53,0.0998302683600915,307667.23,109154.38,0.13031732368767387,0.1754394097607443
2025-10-01,South,Mobile App,41955.41000000001,19175.3,0.45703998602325646,177,116,361.6845689655173,3,859.6500000000001,0.02586206896551724,2998.3800000000006,0.06669915929224209,382237.82,90854.7,0.10976258183975623,0.21105457395159524
2025-06-01,North,Mobile App,26958.32,11912.089999999995,0.4418706358556466,128,68,396.44588235294117,10,3570.0199999999995,0.14705882352941177,3856.9999999999995,0.12516501532354685,344412.14,98020.0,0.0782734313604625,0.12152713731891446
2025-04-01,Central,Mobile App,38278.990000000005,17841.19,0.46608309153402416,170,95,402.9367368421053,4,2518.87,0.042105263157894736,3138.309999999999,0.0757729258063659,367793.63,107010.52,0.10407735990424849,0.16672370155756647
2025-07-01,West,Marketplace,45446.19000000001,21076.62000000001,0.463770890365067,198,113,402.17867256637174,12,7100.290000000001,0.10619469026548672,2708.4399999999996,0.056244643557639244,463763.91,164745.52,0.09799423590335007,0.1279344045288759
2025-09-01,Central,Mobile App,43740.53999999999,20760.539999999997,0.47462925697762304,202,104,420.58211538461535,11,3613.7,0.10576923076923077,3307.5599999999995,0.07030166999304967,505440.39,111368.07,0.08653946314025278,0.18641375396017903
2025-04-01,West,Mobile App,36951.58999999999,16911.55000000001,0.4576677214701726,169,100,369.5158999999999,12,3739.11,0.12,3307.1499999999983,0.08214737967457497,325818.45,73513.95,0.1134115947086483,0.23004545395805845
2025-06-01,East,Marketplace,45938.76,20586.340000000004,0.4481257221570631,204,125,367.51008,11,4212.88,0.088,3290.4300000000007,0.06683900344490737,408959.15,107820.37,0.11233092596167613,0.19093182484905222
2025-07-01,Central,Marketplace,33711.54,14925.009999999987,0.442727030565794,174,103,327.29650485436895,7,2477.06,0.06796116504854369,2346.5700000000006,0.06507745414277123,518016.88,122720.54,0.06507807235934088,0.12161786445854939
2025-12-01,Central,Website,38756.899999999994,19129.839999999997,0.49358540027711195,182,101,383.73168316831675,4,1648.5199999999998,0.039603960396039604,2285.47,0.055685624392548476,261293.55,89638.45,0.14832704442953146,0.2134110975814508
2025-05-01,Central,Mobile App,47871.86000000001,23370.909999999996,0.48819724155276173,198,118,405.6937288135594,3,2359.48,0.025423728813559324,3128.8000000000006,0.06134822568962837,385188.25,106296.78,0.12428172458531642,0.21986470333344055
2025-09-01,East,Physical Store,45847.669999999984,20723.34000000001,0.45200421308214833,210,123,372.7452845528454,10,5244.91,0.08130081300813008,3850.3499999999985,0.07747491751180426,273725.31,76129.11,0.16749517974790123,0.27221308642646697
2025-10-01,East,Physical Store,55451.00000000001,25654.31,0.46264828407062086,228,117,473.940170940171,9,3815.03,0.07692307692307693,4336.7699999999995,0.07253607217663409,470091.25,128731.62,0.11795794965339178,0.19928522611616323
2025-01-01,West,Marketplace,35758.47999999998,16977.96,0.4747953492430329,156,99,361.1967676767675,5,2561.29,0.050505050505050504,1984.4800000000007,0.052578812048657594,405705.83,109443.69,0.08813893554351926,0.15512963789872217
2025-01-01,North,Website,43957.19,21586.17999999999,0.4910727915046432,173,96,457.88739583333336,3,1382.5900000000001,0.03125,2603.19,0.05590998183434069,511031.21,145788.28,0.08601664465855226,0.14806526285926405
2025-07-01,North,Physical Store,48924.24000000002,23430.90000000001,0.4789221048707144,195,98,499.2269387755104,12,5047.620000000001,0.12244897959183673,3433.669999999999,0.06558073078165262,273188.13,88370.7,0.17908625824994673,0.2651433110748247
2025-03-01,North,Marketplace,32793.659999999996,15941.57,0.4861174385536717,151,86,381.3216279069767,7,2233.94,0.08139534883720931,2565.799999999999,0.0725633253449006,491036.87,176091.63,0.0667845166087019,0.0905299701070403
2025-12-01,East,Physical Store,50724.939999999995,23519.300000000003,0.4636634365659182,238,129,393.2165891472868,9,3719.55,0.06976744186046512,4611.29,0.08333220387438751,377646.34,127319.13,0.13431863261272436,0.18472714980066235
2025-09-01,North,Mobile App,37532.05,16581.659999999996,0.4418000082596073,161,85,441.5535294117647,3,1358.07,0.03529411764705882,4225.4,0.10118912912546146,231481.91,63746.41,0.1621381558498459,0.26011911886488975
2025-12-01,West,Website,40367.439999999995,18229.12,0.45157978806681826,164,104,388.1484615384615,8,2219.78,0.07692307692307693,3829.0199999999986,0.08663635051314059,246224.3,69777.53,0.16394580063787367,0.26124627799235656
2025-06-01,South,Mobile App,46699.72999999999,23142.43,0.49555811136381317,201,110,424.5429999999999,5,926.08,0.045454545454545456,2257.18,0.04610544252078,510837.65,147806.23,0.09141794854001067,0.15657276421974906
2025-10-01,Central,Physical Store,44902.3,21925.789999999983,0.48829993118392556,191,106,423.60660377358494,9,3635.74,0.08490566037735849,3443.2999999999997,0.0712226138469685,385435.55,108823.51,0.11649755711428281,0.20148026837215582
2025-08-01,West,Mobile App,42760.079999999994,19449.059999999998,0.45484152508601483,196,104,411.15461538461534,9,3900.87,0.08653846153846154,6331.370000000001,0.12897093078326263,509498.98,164916.07,0.08392574210845329,0.11793307953554798
2025-02-01,Central,Marketplace,43213.47999999998,19808.069999999996,0.45837710825418376,173,105,411.5569523809522,8,3635.7799999999997,0.0761904761904762,3913.9399999999996,0.08305016485095092,251789.77,81218.81,0.17162524116845568,0.24388525268961705
2025-05-01,West,Marketplace,45467.630000000005,22091.07,0.48586367928128205,175,98,463.95540816326536,9,2385.52,0.09183673469387756,3107.770000000001,0.06397826883566578,250477.56,62752.45,0.18152376604115755,0.3520351795029517
2025-05-01,North,Website,34559.57,16158.239999999998,0.46754748395306994,155,92,375.6475,4,835.8299999999999,0.043478260869565216,3184.9200000000005,0.08438105800343308,515312.96,120427.42,0.06706520635537673,0.13417409423867088
2025-11-01,East,Marketplace,59897.28000000001,28284.200000000004,0.47221175986622427,249,129,464.3200000000001,6,4382.11,0.046511627906976744,4186.82,0.06533321057797485,350867.73,83431.8,0.17071185201329292,0.3390098259896107
2025-02-01,East,Website,50541.750000000015,23220.59,0.45943383440423,210,121,417.70041322314063,4,1652.3,0.03305785123966942,2863.7400000000002,0.05362257700472367,454213.36,141737.76,0.11127314705142098,0.16382783247033111
2025-11-01,South,Website,51779.369999999995,25180.68000000001,0.486307191454821,200,107,483.9193457943925,8,2483.44,0.07476635514018691,3371.39,0.061130435917836824,463085.59,155662.27,0.11181382258083218,0.1617648258630689
2025-02-01,West,Mobile App,34525.530000000006,15464.180000000002,0.4479056512673375,146,93,371.2422580645162,4,1163.25,0.043010752688172046,3379.5699999999997,0.08915871479035797,453319.12,154104.01,0.07616164524452444,0.1003489785892009
2025-10-01,North,Marketplace,41667.4,20209.859999999993,0.4850281035053781,150,88,473.4931818181818,3,1608.2599999999998,0.03409090909090909,3205.0099999999993,0.07142495800871845,422778.24,115368.66,0.09855616031704943,0.17517634338476318
2025-02-01,North,Mobile App,31535.72,15111.2,0.4791772631162377,134,81,389.3298765432099,4,577.05,0.04938271604938271,2814.3100000000004,0.08193035057029062,380746.51,98119.09,0.08282602511576534,0.15400876628594906
2025-08-01,North,Physical Store,26114.96,12073.610000000002,0.46232542573298996,120,71,367.816338028169,7,4347.52,0.09859154929577464,2363.89,0.08300510729892535,250409.82,82311.5,0.10428888132262544,0.14668193387315262
2025-09-01,South,Marketplace,40141.47000000001,18724.540000000008,0.46646373438740546,183,103,389.72300970873795,3,1204.2099999999998,0.02912621359223301,3796.7400000000002,0.08641089384387762,486347.9,171586.46,0.08253653403253104,0.10912597649021961
2025-11-01,Central,Marketplace,38636.30999999999,17950.620000000003,0.4646049273338993,162,94,411.024574468085,8,2983.9300000000003,0.0851063829787234,3096.87,0.07420642280315087,251125.63,73390.13,0.15385251596979563,0.24459174551128335
2025-05-01,East,Mobile App,44081.190000000024,19028.480000000003,0.43166892726807043,207,124,355.49346774193566,14,3291.1800000000003,0.11290322580645161,3809.62,0.0795480385485232,,,,
2025-05-01,East,Physical Store,52204.42999999999,24804.12000000001,0.47513438993587354,216,117,446.1917094017093,10,3811.1200000000003,0.08547008547008547,4281.88,0.07580385406658709,,,,
